{
  "Collider": {
    "offset": {
      "x": 2.9375,
      "y": 3.28125
    },
    "size": {
      "x": 5.6875,
      "y": 6.125
    }
  },
  "PerSize": {
    "w": 94,
    "h": 112
  },
  "Layout": {
    "col": 12,
    "row": 1
  },
  "Pivot": {
    "x": 0.5,
    "y": 0.46875
  },
  "Count": 12,
  "CenterBottom": {
    "x": 47,
    "y": 105
  },
  "Delay": [
    150,
    150,
    150,
    150,
    150,
    150,
    150,
    150,
    150,
    150,
    150,
    150
  ],
  "TotalTime": 1800
}