{
  "Collider": {
    "offset": {
      "x": 2.625,
      "y": 1.90625
    },
    "size": {
      "x": 4.0625,
      "y": 3.6875
    }
  },
  "PerSize": {
    "w": 85,
    "h": 66
  },
  "Layout": {
    "col": 7,
    "row": 1
  },
  "Pivot": {
    "x": 0.49411764705882355,
    "y": 0.4621212121212121
  },
  "Count": 7,
  "CenterBottom": {
    "x": 42,
    "y": 61
  },
  "Delay": [
    600,
    120,
    120,
    120,
    120,
    120,
    540
  ],
  "TotalTime": 1740
}