{
  "Collider": {
    "offset": {
      "x": 20.0625,
      "y": 8.46875
    },
    "size": {
      "x": 12.375,
      "y": 9.9375
    }
  },
  "PerSize": {
    "w": 642,
    "h": 326
  },
  "Layout": {
    "col": 4,
    "row": 4
  },
  "Pivot": {
    "x": 0.5,
    "y": 0.4156441717791411
  },
  "Count": 15,
  "CenterBottom": {
    "x": 321,
    "y": 271
  },
  "Delay": [
    -1,
    -1,
    -1,
    -1,
    -1,
    -1,
    -1,
    -1,
    -1,
    -1,
    -1,
    -1,
    -1,
    -1,
    -1
  ],
  "TotalTime": -15
}