{
  "Collider": {
    "offset": {
      "x": 6.25,
      "y": 2.09375
    },
    "size": {
      "x": 6.125,
      "y": 4.4375
    }
  },
  "PerSize": {
    "w": 200,
    "h": 84
  },
  "Layout": {
    "col": 8,
    "row": 1
  },
  "Pivot": {
    "x": 0.5,
    "y": 0.39880952380952384
  },
  "Count": 8,
  "CenterBottom": {
    "x": 100,
    "y": 67
  },
  "Delay": [
    90,
    90,
    90,
    90,
    90,
    90,
    90,
    90
  ],
  "TotalTime": 720
}