{
  "Collider": {
    "offset": {
      "x": 2.875,
      "y": 2.75
    },
    "size": {
      "x": 4.8125,
      "y": 4.5625
    }
  },
  "PerSize": {
    "w": 93,
    "h": 101
  },
  "Layout": {
    "col": 5,
    "row": 1
  },
  "Pivot": {
    "x": 0.4946236559139785,
    "y": 0.43564356435643564
  },
  "Count": 5,
  "CenterBottom": {
    "x": 46,
    "y": 88
  },
  "Delay": [
    90,
    90,
    90,
    90,
    90
  ],
  "TotalTime": 450
}