{
  "PerSize": {
    "w": 111,
    "h": 224
  },
  "Layout": {
    "col": 5,
    "row": 1
  },
  "Pivot": {
    "x": 0.4954954954954955,
    "y": 0.3303571428571429
  },
  "Count": 5,
  "CenterBottom": {
    "x": 55,
    "y": 150
  },
  "Delay": [
    180,
    180,
    180,
    180,
    300
  ],
  "TotalTime": 1020
}