{
  "Collider": {
    "offset": {
      "x": 9.75,
      "y": 4.40625
    },
    "size": {
      "x": 5.0625,
      "y": 6.25
    }
  },
  "PerSize": {
    "w": 313,
    "h": 173
  },
  "Layout": {
    "col": 7,
    "row": 1
  },
  "Pivot": {
    "x": 0.4984025559105431,
    "y": 0.407514450867052
  },
  "Count": 7,
  "CenterBottom": {
    "x": 156,
    "y": 141
  },
  "Delay": [
    120,
    120,
    120,
    120,
    120,
    120,
    120
  ],
  "TotalTime": 840
}