{
  "Collider": {
    "offset": {
      "x": 0.5,
      "y": 1.75
    },
    "size": {
      "x": 6.0625,
      "y": 3.375
    }
  },
  "PerSize": {
    "w": 131,
    "h": 58
  },
  "Layout": {
    "col": 4,
    "row": 1
  },
  "Pivot": {
    "x": 0.4961832061068702,
    "y": 0.03448275862068961
  },
  "Count": 4,
  "CenterBottom": {
    "x": 65,
    "y": 56
  },
  "Delay": [
    -1,
    -1,
    -1,
    -1
  ],
  "TotalTime": -4
}