{
  "PerSize": {
    "w": 387,
    "h": 141
  },
  "Layout": {
    "col": 8,
    "row": 2
  },
  "Pivot": {
    "x": 0.49870801033591733,
    "y": 0.4397163120567376
  },
  "Count": 15,
  "CenterBottom": {
    "x": 193,
    "y": 124
  },
  "Delay": [
    120,
    120,
    120,
    120,
    120,
    120,
    120,
    120,
    120,
    120,
    120,
    120,
    120,
    120,
    120
  ],
  "TotalTime": 1800
}